{
  "ConnectionStrings": {
    "DefaultConnection": "Server=.;Database=TestIdentity1234;TrustServerCertificate=true;Trusted_Connection=true;"
  },
  "Logging": {
    "LogLevel": {
      "Default": "Information",
      "Microsoft.AspNetCore": "Warning"
    }
  },
  "JwtSettings": {
    "SecretKey": "this-is-my-secret-key-it-is-very-longggggggggggggggggggggggg",
    "Issuer": "this-app",
    "Audience": "client-app",
    "AccessTokenExpirationMinutes": 30
  },
  "MailSettings": {
    "Mail": "caotri1203@gmail.com",
    "DisplayName": "Home Cleaning Service",
    "Password": "lmzy myvx msdj ymxn",
    "Host": "smtp.gmail.com",
    "Port": 587
  },
  "AzureStorage": {
    "BlobConnectionString": "DefaultEndpointsProtocol=https;AccountName=canxi458;AccountKey=NoF/k9UVRTTlR6Xrvqqj7EeyCjknjz+pZrYCbANXqhPSrXnR5T4EwGcqxHcI8Y/xLpGcadS7+5pU+AStW8GjrQ==;EndpointSuffix=core.windows.net",
    "ContainerName": "canxi458"
  },
  "Google": {
    "ClientId": "169115462659-vsa2aj48d0bnmvi15q2obr0oeetjf8hm.apps.googleusercontent.com",
    "ClientSecret": "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"
  },
  "AllowedHosts": "*"
}
